{
  "logreg": {
    "accuracy": 0.9,
    "precision": 0.8901098901098901,
    "recall": 0.8901098901098901,
    "f1": 0.8901098901098901,
    "roc_auc": 0.9687468494807944,
    "cv_accuracy": 0.9075,
    "cv_precision": 0.9164265129682997,
    "cv_recall": 0.8760330578512396,
    "cv_f1": 0.895774647887324,
    "cv_roc_auc": 0.9656561453940277
  },
  "rf": {
    "accuracy": 0.895,
    "precision": 0.8804347826086957,
    "recall": 0.8901098901098901,
    "f1": 0.8852459016393442,
    "roc_auc": 0.9676378667204354,
    "cv_accuracy": 0.91,
    "cv_precision": 0.9030470914127424,
    "cv_recall": 0.8980716253443526,
    "cv_f1": 0.9005524861878453,
    "cv_roc_auc": 0.9645088286652672
  },
  "svm": {
    "accuracy": 0.9,
    "precision": 0.9080459770114943,
    "recall": 0.8681318681318682,
    "f1": 0.8876404494382022,
    "roc_auc": 0.9661256175017643,
    "cv_accuracy": 0.92125,
    "cv_precision": 0.9166666666666666,
    "cv_recall": 0.9090909090909091,
    "cv_f1": 0.9128630705394191,
    "cv_roc_auc": 0.9670304038933121
  },
  "mlp": {
    "accuracy": 0.885,
    "precision": 0.8695652173913043,
    "recall": 0.8791208791208791,
    "f1": 0.8743169398907104,
    "roc_auc": 0.9679403165641698,
    "cv_accuracy": 0.91375,
    "cv_precision": 0.9083333333333333,
    "cv_recall": 0.9008264462809917,
    "cv_f1": 0.9045643153526971,
    "cv_roc_auc": 0.9686505159773311
  }
}